time,id,text
2021-07-18 07:38:56,1416663763151949824,Cybrrrtruck https://t.co/rdiMFdYOS6
2021-07-17 17:44:40,1416453816069857283,Fred Astaire is incredible. Worth watching his movies. One of a kind.
2021-07-17 17:08:17,1416444660055224329,Tap on the screen https://t.co/YPyyj8V8DF
2021-07-17 16:32:35,1416435673494695938,https://t.co/d4ZOSKZESP
2021-07-14 23:35:39,1415454980127952897,"Review of Model S Plaid by Dan Neil
https://t.co/JY45vn8jNN"
2021-07-14 21:30:25,1415423461267107842,Some light reading with lil X https://t.co/MHj4gtyPdo
2021-07-13 03:05:20,1414782972474048516,"those who attack space
maybe don‚Äôt realize that
space represents hope
for so many people"
2021-07-13 02:37:57,1414776079789797376,"Loki is pretty good. Basically, live-action @RickandMorty with a long romance ark."
2021-07-13 02:30:16,1414774147998179329,ü§Ø https://t.co/Z11qszTY4v
2021-07-10 05:47:13,1413736546373718016,Fellowship of the Raptors https://t.co/Xz3rOsfA2h
2021-07-10 03:11:05,1413697255291465730,Dragon returning from orbit https://t.co/MR2JE4ZSgr
2021-07-09 21:50:01,1413616454692450304,Solar + Powerwall battery ensures that your home never loses power
2021-07-09 20:50:33,1413601488987992064,"Tesla Solar Roof + Powerwall in major new housing development in Austin
https://t.co/u7NJAswFW2"
2021-07-09 20:39:21,1413598670331711493,"Autonomous SpaceX droneship,
A Shortfall of Gravitas https://t.co/hNZ5U7nxUg"
2021-07-08 23:47:20,1413283591660974084,Maybe that movie gaslit us all
2021-07-08 23:33:59,1413280234313506816,Listening to History of English podcast
2021-07-08 23:12:33,1413274839960391683,Tropic Thunder is so good
2021-07-08 23:08:51,1413273908535599104,Gas lit by gas light üí°
2021-07-08 05:54:37,1413013632464662528,"Also, the British legal system in 2021 https://t.co/ITY6jyeDLM"
2021-07-08 05:51:19,1413012804437696513,I love this ü§£ü§£ https://t.co/UuyxsLVDQ7
2021-07-07 18:48:11,1412845920505372672,Supersonic shock wave
2021-07-07 18:46:53,1412845593106403337,https://t.co/O3BGaFuMDO
2021-07-07 16:58:11,1412818236203102214,High res landing Falcon landing video https://t.co/8CPuH87JYv
2021-07-06 22:09:32,1412534204491960321,https://t.co/TQZ9QvcwH1
2021-07-05 07:12:04,1411945961815826432,Free Britney
2021-07-04 18:06:48,1411748343257079810,Happy 4th to all!
2021-07-04 17:59:19,1411746457464438793,Bless America https://t.co/QNagk4PArb
2021-07-03 21:23:23,1411435425789448193,New SpaceX Starlink cover shows transfer orbit from Earth to Mars https://t.co/vwWeuhWCoP
2021-07-02 13:20:14,1410951450604175366,https://t.co/oGKHhHROQa
2021-07-02 13:09:28,1410948739145994244,"Congrats Tesla Team on over 200,000 car built &amp; delivered in Q2, despite many challenges!!"
2021-07-02 09:03:21,1410886804019068936,https://t.co/g9F1p0bpr8
2021-07-01 18:44:25,1410670645948653568,Super Heavy on road &amp; 7th Tower segment added https://t.co/SJIHA3BLhL
2021-07-01 09:57:18,1410537991236243461,Super Heavy moves tomorrow https://t.co/qHG1SYO46S
2021-07-01 09:24:21,1410529698497630212,"Baby Doge, doo, doo, doo, doo, doo,
Baby Doge, doo, doo, doo, doo, doo,
Baby Doge, doo, doo, doo, doo, doo,
Baby Doge"
2021-07-01 08:43:41,1410519466518233089,Release the Doge! https://t.co/9bXCWQLIhu
2021-07-01 08:42:11,1410519086417813510,Stop gendering memes ‚Ä¶ I mean mimes
2021-06-30 20:11:10,1410330088906838018,"Rapidly Reusable Rockets, R R R üè¥‚Äç‚ò†Ô∏è"
2021-06-28 20:25:03,1409608806875615242,Thanks for all the happy birthday wishes!
2021-06-27 14:11:23,1409152382345244684,https://t.co/HStnXM0zmn
2021-06-25 22:58:58,1408560379463077891,"All 72 orbital planes activate in August, plus many other improvements, enabling global coverage, except for polar regions, which will take another 6 months"
2021-06-25 22:51:28,1408558492009566214,"Starlink simultaneously active users just exceeded the strategically important threshold of 69,420 last night!"
2021-06-25 11:03:04,1408380216653844480,My Shiba Inu will be named Floki
2021-06-25 10:42:24,1408375014261395462,Timing is everything https://t.co/B6HDB5kS4G
2021-06-25 02:11:52,1408246534093918210,‚ÄúThat‚Äôs not funny!‚Äù ‚Äì Bitcoin maxis
2021-06-25 02:10:31,1408246196603346947,How many Bitcoin maxis does it take to screw in a lightbulb?
2021-06-24 01:10:10,1407868620680699908,Shout out to the awesome Tesla global team. Thanks for working so hard to make Tesla successful!
2021-06-21 18:59:34,1407050578149183488,"Looking at holding Tesla AI Day in about a month or so. Will go over progress with Tesla AI software &amp; hardware, both training &amp; inference. Purpose is recruiting."
2021-06-20 20:19:20,1406708267141648384,Happy Father‚Äôs Day!
2021-06-17 18:47:05,1405597886826512386,Real pic of 2 ships next to Starbase Tiki Bar on right https://t.co/E4awziEdDQ
2021-06-16 22:37:20,1405293441106460672,Let‚Äôs just skip original video games &amp; movies &amp; go straight to the sequel
2021-06-15 08:06:24,1404711878501318658,From the top of Starbase high bay https://t.co/kRtJBrwrqW
2021-06-15 07:47:35,1404707141102059520,Stacking Super Heavy Aft Section https://t.co/itydacQ4hM
2021-06-14 08:22:48,1404353618518499329,K is Kindred
2021-06-14 08:21:46,1404353357469212673,Could turn out to be one big Philip K Dick joke in the end
2021-06-14 08:13:50,1404351360644964355,"Pluto takes 248 years to orbit the sun, but Uranus only takes 84"
2021-06-14 05:04:50,1404303796075859974,!! https://t.co/3H9gMEmSLF
2021-06-14 04:02:55,1404288216400764940,This is true https://t.co/72u3SrBf6U
2021-06-14 04:01:27,1404287845028667397,Our Soul Dichotomy https://t.co/D4PC5XK2VK
2021-06-13 06:20:10,1403960366703337476,Esoteric meme of the day https://t.co/ELGmeLEXRE
2021-06-11 06:40:03,1403240595582111744,Plaid release event https://t.co/TxIHXnuw9A
2021-06-11 04:47:43,1403212326199644166,"Most amount of fun on 4 wheels!
Pure joy on tap whenever u want."
2021-06-11 04:45:32,1403211775760224257,Order Tesla Model S Plaid at https://t.co/LuUhICqQEI
2021-06-06 20:48:20,1401642134583791624,0 to 60mph in under 2 secs. Quickest production car ever made of any kind. Has to be felt to be believed.
2021-06-06 20:46:19,1401641625500229632,"Plaid+ is canceled. No need, as Plaid is just so good."
2021-06-06 20:45:13,1401641347040284679,Model S goes to Plaid speed this week
2021-06-06 11:07:47,1401496033264377860,https://t.co/anHPlBpGza
2021-06-06 10:58:55,1401493801131298816,https://t.co/zuW2EWMH34
2021-06-06 08:36:37,1401457989618446342,I guess we read the instructions haha https://t.co/S3YXcUCaWN
2021-06-05 21:18:43,1401287393228038149,"Don‚Äôt kill what you hate,
Save what you love"
2021-06-05 18:55:49,1401251430015582209,"Goods &amp; services are the real economy, any form of money is simply the accounting thereof"
2021-06-05 08:39:49,1401096409428934659,üí¶üöÄ ‚Äì&gt; üåô
2021-06-04 03:25:26,1400654905149476865,"Canada
USA
Mexico"
2021-06-04 02:49:24,1400645833150840835,https://t.co/MLhu6oOwgc
2021-06-04 01:07:04,1400620080090730501,#Bitcoin üíî https://t.co/lNnEfMdtJf
2021-06-02 07:05:02,1399985389725753346,Found this pic of me as a child https://t.co/hUEKluRAdP
2021-05-30 19:42:22,1399088815705399305,Ocean spaceport Deimos is under construction for launch next year https://t.co/WJQka399c7
2021-05-29 05:01:18,1398504702988390400,"Model S Plaid delivery pushed to June 10. Needs one more week of tweak.

This car feels like a spaceship. Words cannot describe the limbic resonance."
2021-05-28 04:56:24,1398141080000942082,https://t.co/0YDXE4KJlP
2021-05-28 03:47:51,1398123830871150600,"Ship 16 &amp; Booster 2, Starbase Highbay https://t.co/IUuidOw9ym"
2021-05-26 18:49:21,1397625923256549376,"If only they had spaceships, they‚Äôd still be around"
2021-05-26 18:47:30,1397625459437826049,Deep thots https://t.co/J5mJff7IIL
2021-05-24 20:29:33,1396926365996261382,"Someone suggested changing Dogecoin fees based on phases of the moon, which is pretty awesome haha"
2021-05-24 19:49:56,1396916392629137409,"If you‚Äôd like to help develop Doge, please submit ideas on GitHub &amp; https://t.co/liAPQMFaQB @dogecoin_devs"
2021-05-24 19:42:36,1396914548167233537,Spoke with North American Bitcoin miners. They committed to publish current &amp; planned renewable usage &amp; to ask miners WW to do so. Potentially promising.
2021-05-22 22:22:56,1396230120692543489,https://t.co/7afq6DIlzc
2021-05-22 09:22:41,1396033766490087426,Any sufficiently advanced magic is indistinguishable from technology
2021-05-20 10:41:00,1395328697436033032,How much is that Doge in the window? https://t.co/bxTkWOr50V
2021-05-20 07:54:54,1395286896842985479,"Tesla Model S Plaid delivery event
June 3 at our California factory

Fastest production car ever
0 to 60mph in under 2 secs"
2021-05-19 15:41:10,1395041849438519296,Credit to our Master of Coin
2021-05-19 14:42:44,1395027147161489412,Tesla has üíé üôå
2021-05-18 13:43:19,1394649803599093762,"Aiming for extreme precision with next gen Model Y ‚Äì microns, not millimeters"
2021-05-18 11:46:18,1394620356674134019,Giga Berlin suppliers please accelerate!
2021-05-18 09:25:14,1394584856386961411,https://t.co/13m1KHFMjv
2021-05-13 23:30:52,1392985728271884288,As always https://t.co/gtFmtokzEZ
2021-05-13 22:45:16,1392974251011895300,Working with Doge devs to improve system transaction efficiency. Potentially promising.
2021-05-13 21:11:46,1392950720979030019,"To be clear, I strongly believe in crypto, but it can‚Äôt drive a massive increase in fossil fuel use, especially coal"
2021-05-13 20:59:45,1392947696470659072,It is high time there was a carbon tax!
2021-05-13 09:54:35,1392780304138473473,Energy usage trend over past few months is insane https://t.co/E6o9s87trw https://t.co/bmv9wotwKe
2021-05-12 22:06:14,1392602041025843203,Tesla &amp; Bitcoin https://t.co/YSswJmVZhP
2021-05-11 08:13:35,1392030108274159619,Do you want Tesla to accept Doge?
2021-05-11 07:04:25,1392012701522669577,"SNL Monologue
https://t.co/b2cvFGqVFF"
2021-05-10 23:32:58,1391899092666572800,"Thanks again to @nbcsnl cast, writers &amp; crew! Honor &amp; pleasure to do the show with you."
2021-05-09 13:21:16,1391382766764298245,"Wario was my fav haha üëÄ 
https://t.co/TNjn3meLVJ"
2021-05-08 20:39:52,1391130755787599881,"Special link to view SNL outside USA
https://t.co/egSDZ8sNFu"
2021-05-08 09:03:01,1390955387654914052,First time a Falcon rocket booster will reach double digits in flights https://t.co/wrojsaGExZ
2021-05-08 01:22:52,1390839584225955847,Cybertruck prototype in New York this weekend
2021-05-07 21:05:35,1390774840135766019,Guest starring ‚Ä¶ https://t.co/buM3bTOWbX
2021-05-07 20:57:52,1390772894951673858,https://t.co/DlQtmfjKqL
2021-05-07 04:24:20,1390522866979033092,"Cryptocurrency is promising, but please invest with caution! https://t.co/A4kplcP8Vq"
2021-05-06 19:26:59,1390387635961610242,Make humanity a multiplanet species!
2021-05-06 19:26:09,1390387429375369216,Public support for life on Mars is critical to making it happen
2021-05-05 22:37:20,1390073153347592192,Starship landing nominal!
2021-05-05 22:22:39,1390069456177704965,About to launch https://t.co/t4nki8vU4E
2021-05-02 03:13:36,1388693126206918658,I love Art Deco
2021-05-01 21:56:54,1388613426868625416,Baby Shark &amp; Shark Tank merge to form Baby Shark Tank
2021-05-01 21:53:38,1388612603480510469,Irony Man ‚Äì defeats villains using the power of irony
2021-05-01 21:49:50,1388611645560262660,Throwing out some skit ideas for SNL. What should I do?
2021-05-01 21:36:22,1388608259255377920,"Woke James Bond
SNL May 8"
2021-04-29 22:45:59,1387901003664699392,"A major part of real-world AI has to be solved to make unsupervised, generalized full self-driving work, as the entire road system is designed for biological neural nets with optical imagers"
2021-04-28 08:43:37,1387326627160408067,"‚ô•Ô∏è
https://t.co/juLuKlymEX"
2021-04-28 06:20:47,1387290679794089986,"The Dogefather
SNL May 8"
2021-04-27 00:15:00,1386836238771105793,"Starship SN15 static fire completed, preparing for flight later this week"
2021-04-25 03:20:46,1386158212970340354,Let‚Äôs find out just how live Saturday Night Live really is üòà
2021-04-25 03:09:25,1386155357739921412,Am hosting SNL on May 8
2021-04-24 09:03:34,1385882094296092672,https://t.co/l6Bc0wkWol
2021-04-24 08:55:19,1385880018417557506,define ‚Ä¶ beauty
2021-04-24 08:54:25,1385879790381641728,What does the future hodl?
2021-04-23 09:47:18,1385530714662133763,2 mins to launch https://t.co/q9nXKRrXpw
2021-04-23 08:13:41,1385507154531074048,Astronauts preparing to launch to @Space_Station https://t.co/WBkaDZexEc
2021-04-22 20:57:44,1385337043618836480,üåçüåéüåè Happy Earth Day üåçüåéüåè
2021-04-22 05:49:17,1385108424761872387,Tesla Solar + Powerwall battery enables consumers to be their own utility
2021-04-22 05:14:54,1385099771220688906,"Powerwall 2 peak &amp; steady power capability is better than advertised. 

Now that we have lots of operational data, Tesla can unlock higher capabilities for free via software update next month. 

Depending on production date, power increase power may be &gt;50% at 30C ambient temp."
2021-04-22 01:51:09,1385048499415183360,"Solar power will feed exclusively to Powerwall. Powerwall will interface only between utility meter &amp; house main breaker panel, enabling super simple install &amp; seamless whole house backup during utility dropouts."
2021-04-22 01:27:43,1385042598692147204,"Starting next week, Tesla Solar Panels &amp; Solar Roof will only be sold as an integrated product *with* Tesla Powerwall battery"
2021-04-17 22:32:03,1383548841438236674,Tesla with Autopilot engaged now approaching 10 times lower chance of accident than average vehicle https://t.co/6lGy52wVhC
2021-04-17 05:46:56,1383295895043600384,Dragon spacecraft &amp; Falcon 9 rocket https://t.co/A6fsNlsN9z
2021-04-17 04:46:34,1383280704042127363,"If we make life multiplanetary, there may come a day when some plants &amp; animals die out on Earth, but are still alive on Mars"
2021-04-17 01:37:48,1383233200885882885,Everything to the moon!
2021-04-16 22:16:48,1383182615411232770,We are honored to be part of the @NASAArtemis team
2021-04-16 21:55:05,1383177151541743621,üöÄüñ§üí´ NASA Rules!! üí´üñ§üöÄ https://t.co/hmeGx2peZ6
2021-04-16 17:01:25,1383103246470811652,üëÄ
2021-04-16 02:13:57,1382879908645392384,üé∏üé∏ Austin Rocks!! üé∏ üé∏
2021-04-16 00:50:37,1382858937792307202,Make life multiplanetary! #Mars
2021-04-15 04:33:18,1382552587099062272,Doge Barking at the Moon https://t.co/QFB81D7zOL
2021-04-15 03:47:00,1382540937700671488,Le Petit Prince
2021-04-15 03:42:35,1382539825421582339,"‚òæ

           üî≠ñ®Ü‚ô°"
2021-04-14 21:57:08,1382452890468421632,Tesla AI/Autopilot engineering is awesome! Making excellent progress solving real-world AI.
2021-04-11 15:48:58,1381273076709478403,Love this beautiful shot
2021-04-11 12:23:49,1381221447322935303,The art In Cyberpunk is incredible
2021-04-10 22:09:02,1381006333864861696,Blimps rock https://t.co/e8cu5FkNOI
2021-04-10 07:45:17,1380788962558496768,Just needs some legs
2021-04-10 07:45:10,1380788934905503744,The Starship launch tower that catches the giant rocket booster is basically Mechazilla
2021-04-10 07:29:45,1380785053542666242,But wait how is the core of the earth lit by the sun? Stop asking questions!!
2021-04-10 07:29:01,1380784868729122818,Kong vs Godzilla has record for most meth ever consumed in a writer‚Äôs room
2021-04-10 07:15:47,1380781539647053826,‚Ä¶ going to moon very soon
2021-04-10 06:41:45,1380772975733923841,Where is Shrek 5!? https://t.co/PqAZ5Mg8Es
2021-04-09 22:24:01,1380647716959645700,It‚Äôs all about the cufflinks https://t.co/elccqC0Zuf
2021-04-09 11:24:30,1380481743531089924,Thanks to all that helped SpaceX!
2021-04-09 11:21:13,1380480918243090433,Just read it. Book is accurate. https://t.co/3bI9Vw8iP1
2021-04-09 07:32:42,1380423408542904326,https://t.co/XeQursZpvq
2021-04-09 04:11:42,1380372826071330817,Soon our monkey will be on twitch &amp; discord haha
2021-04-09 01:48:09,1380336699847233537,A monkey is literally playing a video game telepathically using a brain chip!!
2021-04-09 01:41:23,1380334998524321792,"The device is implanted flush with skull &amp; charges wirelessly, so you look &amp; feel totally normal"
2021-04-09 00:29:40,1380316949087854595,"Later versions will be able to shunt signals from Neuralinks in brain to Neuralinks in body motor/sensory neuron clusters, thus enabling, for example, paraplegics to walk again"
2021-04-09 00:24:31,1380315654524301315,First @Neuralink product will enable someone with paralysis to use a smartphone with their mind faster than someone using thumbs
2021-04-09 00:16:21,1380313600187719682,Monkey plays Pong with his mind https://t.co/35NIFm4C7T
2021-04-08 09:41:16,1380093374833729537,Thanks Tesla suppliers for providing us with critical parts!
2021-04-07 20:02:22,1379887294933467139,"To be clear, I do support vaccines in general &amp; covid vaccines specifically. The science is unequivocal. 

In very rare cases, there is an allergic reaction, but this is easily addressed with an EpiPen."
2021-04-06 19:28:24,1379516358040244225,‚ÄúTanks for the memery!‚Äù ‚Äì Panzer of the Lake
2021-04-05 11:01:29,1379026401341419520,"The Earth is not flat, it‚Äôs a hollow globe &amp; Donkey King lives there!"
2021-04-05 10:28:42,1379018148570091522,"Godzilla vs Kong is so amaze much wow!
Most insane movie I‚Äôve ever seen!
Love letter to conspiracy theorists!
And yet heartwarming in the end."
2021-04-04 10:53:26,1378661987324993542,Urgent need to build more housing in greater Austin area!
2021-04-04 06:25:28,1378594549086482432,Austin++
2021-04-04 01:03:00,1378513398044971009,No it doesn‚Äôt hurt at all ü©∏ https://t.co/NnL6o1si0V
2021-04-03 04:31:41,1378203527219183619,"Me in my sick new car
(left him the money) https://t.co/EGaY1FVfHm"
2021-04-01 10:25:23,1377567762919292938,SpaceX is going to put a literal Dogecoin on the literal moon
2021-04-01 10:23:49,1377567369191583752,Nicheman ‚Äî his superpower is appealing to small audiences
2021-03-31 19:23:17,1377340744340361216,"Over 10,000 people are needed for Giga Texas just through 2022!
- 5 mins from airport
-15 mins from downtown
- Right on Colorado river https://t.co/w454iXedxB"
2021-03-30 14:44:51,1376908285677297671,Starbase will grow by several thousand people over the next year or two
2021-03-30 14:29:47,1376904492478791689,Probably most ‚Äúin space‚Äù you could possibly feel by being in a glass dome https://t.co/SOAIzxVGgX
2021-03-30 14:27:29,1376903913564160002,Am donating $20M to Cameron County schools &amp; $10M to City of Brownsville for downtown revitalization. Details to follow next week.
2021-03-30 14:17:29,1376901399867441156,"Please consider moving to Starbase or greater Brownsville/South Padre area in Texas &amp; encourage friends to do so! 

SpaceX‚Äôs hiring needs for engineers, technicians, builders &amp; essential support personnel of all kinds are growing rapidly."
2021-03-29 15:33:52,1376558233624666120,FAA inspector unable to reach Starbase in time for launch today. Postponed to no earlier than tomorrow.
2021-03-28 18:12:55,1376235871989551105,Possible Starship flight tomorrow afternoon
2021-03-28 11:10:25,1376129545112260610,Wholesome memes https://t.co/u5TkHJua8Q
2021-03-27 03:34:31,1375652425814704128,Check out our new crane https://t.co/PE4vL6uKcb
2021-03-25 10:35:03,1375033483148451842,"If there‚Äôs ever a scandal about me, *please* call it Elongate"
2021-03-25 10:25:26,1375031060753346564,Don‚Äôt defy DeFi
2021-03-25 07:48:53,1374991664280834054,Mars rover looking back https://t.co/oaFOCezRuU
2021-03-24 07:10:43,1374619672973221892,Pay by Bitcoin capability available outside US later this year
2021-03-24 07:09:34,1374619379929772034,"Tesla is using only internal &amp; open source software &amp; operates Bitcoin nodes directly.

Bitcoin paid to Tesla will be retained as Bitcoin, not converted to fiat currency."
2021-03-24 07:02:40,1374617643446063105,You can now buy a Tesla with Bitcoin
2021-03-23 01:14:58,1374167754404630528,Strongest argument against aliens https://t.co/eF2FFZpJQE
2021-03-20 09:21:38,1373203066556588034,Music in zero gravity https://t.co/bepfMipjrE
2021-03-19 02:40:07,1372739631846936581,https://t.co/Ngk8SJvDUW
2021-03-18 23:15:42,1372688191803768840,First Super Heavy Booster https://t.co/0K5QPsEbbt
2021-03-18 07:09:10,1372444955050971142,The simulation really struggled to make this look real haha https://t.co/t8zvFTRUHU
2021-03-18 06:38:56,1372437344851214339,"Aspirationally acerbic alliteration 
-&gt; Bullshit baffles brains"
2021-03-17 01:20:54,1371994922291765255,SN11 almost ready to fly https://t.co/fXmjJZOiKk
2021-03-16 23:41:44,1371969967176957956,"Actually, doesn‚Äôt feel quite right selling this. Will pass."
2021-03-15 19:52:47,1371549960030842893,I‚Äôm selling this song about NFTs as an NFT https://t.co/B4EZLlesPx
2021-03-14 14:17:57,1371103308425928708,I love music. It makes my heart sing.
2021-03-14 14:10:15,1371101369797591046,"This is good
 https://t.co/8KATmh2BJx"
2021-03-14 14:00:29,1371098915559383040,"Play your favorite song in a Tesla &amp; turn the volume to 11

You will see. You will feel."
2021-03-14 13:38:38,1371093416008941571,A puckish rogue https://t.co/98q8bCT68q
2021-03-14 04:10:36,1370950463017861123,Falcon flies for the 9th time tonight
2021-03-14 03:54:54,1370946514974031872,I‚Äôm getting a Shiba Inu #resistanceisfutile
2021-03-14 01:59:13,1370917400263192583,"Homo sapiens techno: 
Loves raves &amp; technology"
2021-03-13 23:51:05,1370885153262817283,"Why are you so dogematic, they ask"
2021-03-13 23:46:16,1370883943143251968,"Origin of Doge Day Afternoon:
The ancient Romans sacrificed a Dogecoin at the beginning of the Doge Days to appease the rage of Sirius, believing that the star was the cause of the hot, sultry weather."
2021-03-13 23:40:41,1370882536101056523,Doge day afternoon
2021-03-13 23:32:59,1370880599641231360,Woketopia. Battle for the Moral High Ground in this new game!
2021-03-13 07:20:23,1370635836044238854,üé∂ This Magic Moment üé∂
2021-03-12 23:51:00,1370522745709158407,"FSD Beta has now been expanded to ~2000 owners &amp; we‚Äôve also revoked beta where drivers did not pay sufficient attention to the road. No accidents to date.

Next significant release will be in April. Going with pure vision ‚Äî not even using radar. This is the way to real-world AI."
2021-03-12 19:00:34,1370449655855788044,Both do mining &amp; use blocks &amp; chains
2021-03-12 18:58:22,1370449101402353669,"BTC (Bitcoin) is an anagram of
TBC(The Boring Company)
What a coincidence!"
2021-03-08 13:24:16,1368915472142401540,"Starbase, Texas https://t.co/mt4IpqqmjF"
2021-03-08 10:14:43,1368867769211514881,Carnot efficiency of the Universe?
2021-03-07 22:43:39,1368693859203436548,"Great band, too bad they broke up https://t.co/VQm7HhHw2M"
2021-03-06 22:47:09,1368332350602420225,"Availability varies by region due to regulatory approval delays and/or Tesla internal development &amp; testing. 

Note: word ‚ÄúBeta‚Äù is used to reduce complacency in usage &amp; set expectations appropriately. All software is first tested internally by Tesla simulation &amp; QA drive teams."
2021-03-06 22:35:23,1368329387733512193,"Due to high levels of demand for FSD Beta, adding ‚ÄúDownload Beta‚Äù button to Service section of car display in ~10 days https://t.co/D6M3ZiMarG"
2021-03-06 04:40:30,1368058884837928970,Doge spelled backwards is Egod
2021-03-06 01:57:02,1368017749851598850,"If you want the Tesla Full Self-Driving Beta downloaded to your car, let us know. Doubling beta program size now with 8.2 &amp; probably 10X size with 8.3. Still be careful, but it‚Äôs getting mature."
2021-03-05 22:37:43,1367967590597816320,üôÑ
2021-03-05 10:35:28,1367785830111047680,"SN10 is in Valhalla now
https://t.co/dHy4tDVGnI"
2021-03-05 10:32:09,1367784992961531905,Cybervikings of Mars
2021-03-04 00:35:12,1367272378766614529,Starship SN10 landed in one piece! https://t.co/lO4AF47MaN
2021-03-03 20:39:42,1367213114228318209,Launch abort on slightly conservative high thrust limit. Increasing thrust limit &amp; recycling propellant for another flight attempt today.
2021-03-03 20:10:07,1367205667321171968,5 mins to Starship test flight attempt
2021-03-03 11:59:08,1367082108863320070,March 3rd
2021-03-03 11:30:39,1367074939317157888,Starship launch tomorrow. Window opens at 9am.
2021-03-02 21:19:32,1366860749503557636,"From thence to Mars,
And hence the Stars."
2021-03-02 20:31:38,1366848696298561536,"Creating the city of Starbase, Texas"
2021-03-02 18:41:18,1366820931184717824,Horses are even self-driving! https://t.co/qPJrCFGs8J
2021-03-02 17:50:44,1366808202701012995,Scammers &amp; crypto should get a room
2021-03-01 22:23:50,1366514542939828224,Green eggs &amp; SPAC
2021-03-01 19:57:08,1366477626429169666,Doge meme shield (legendary item) https://t.co/CeomU9q84c
2021-03-01 19:01:34,1366463640451256323,New drug coming out called Regretamine. Pop one &amp; all regrets are gone.
2021-03-01 18:59:03,1366463008398970880,Always wondered where exactly your gaming character keeps all the stuff https://t.co/nNk2MeFGjf
2021-02-26 10:04:57,1365241433381339136,https://t.co/jJeP4pFR6m
2021-02-26 09:50:44,1365237858165026818,Do androids dream of electric cars?
2021-02-25 22:08:03,1365061022084698118,üôè https://t.co/BBwnTndvoi
2021-02-25 11:52:19,1364906065985499144,"Not a meta4, I mean actual books"
2021-02-25 11:10:19,1364895495764721667,I admit to judging books by their cover
2021-02-25 06:35:22,1364826301027115008,Starship to the moon https://t.co/tVMJbBk3BU
2021-02-25 05:15:02,1364806085610147844,"Out on launch pad, engine swap underway https://t.co/QNXGtL90WN"
2021-02-25 01:25:56,1364748430883631111,You might see much higher download speeds on Starlink at times. Testing system upgrades.
2021-02-24 13:10:13,1364563280522453005,On the actual moon
2021-02-24 13:00:05,1364560733472579591,Literally https://t.co/XBAUqiVsPH
2021-02-23 11:50:35,1364180853866131456,Excession
2021-02-21 23:11:50,1363627518830338051,Of spaceflight
2021-02-21 21:59:56,1363609428281360386,Hypernominalization
2021-02-21 21:27:06,1363601164344823810,Dojo 4 Doge
2021-02-20 23:42:57,1363272961684201472,Cryptocurrency explained https://t.co/kUXaXx8a1R
2021-02-20 21:06:39,1363233627601989633,Or did they say pegged to the dollar? Something like that ‚Ä¶
2021-02-20 20:52:56,1363230177002622976,Heard a rumor some crypto coin was pegging the dollar ü§£ü§£
2021-02-19 21:06:55,1362871307516452865,I just want to start a flame in your heart
2021-02-19 20:34:57,1362863263982247940,Just for a day
2021-02-17 08:55:40,1361962505573031938,.@ERCOT_ISO is not earning that R
2021-02-15 10:05:59,1361255427669909504,I will literally pay actual $ if they just void their accounts
2021-02-15 09:52:37,1361252063926251521,https://t.co/w11m1IAG0z
2021-02-14 23:25:16,1361094185412100096,"If major Dogecoin holders sell most of their coins, it will get my full support. Too much concentration is the only real issue imo."
2021-02-13 21:19:38,1360700181658886147,–±—ã–ª–æ –±—ã –±–æ–ª—å—à–æ–π —á–µ—Å—Ç—å—é –ø–æ–≥–æ–≤–æ—Ä–∏—Ç—å —Å –≤–∞–º–∏
2021-02-13 21:07:38,1360697159767711749,.@KremlinRussia_E would you like join me for a conversation on Clubhouse?
2021-02-13 14:12:41,1360592735409946625,Lil meme juice for the weekend https://t.co/e9rVtk4SEe
2021-02-11 20:05:55,1359956852520325120,Happy New Year of the Ox! https://t.co/9WFKMYu2oj
2021-02-11 09:08:33,1359791422711492608,"Frodo was the underdoge,
All thought he would fail,
Himself most of all. https://t.co/zGxJFDzzrM"
2021-02-10 21:15:44,1359612035374473217,The most entertaining outcome is the most likely
2021-02-10 19:47:18,1359589782402326528,Just agree to do Clubhouse with @kanyewest
2021-02-10 16:51:31,1359545545900048386,https://t.co/3rWE9uHSTS
2021-02-10 15:08:11,1359519541219500033,"Bought some Dogecoin for lil X, so he can be a toddler hodler"
2021-02-10 07:18:12,1359401265017610247,This is true power haha https://t.co/Fc9uhQSd7O
2021-02-09 00:08:40,1358930781314322433,XPrize team will manage the $100M carbon capture prize https://t.co/fSw5IanL0r
2021-02-08 06:07:04,1358658587644596224,Back to work I go ‚Ä¶
2021-02-08 01:13:52,1358584801003884544,"√ê is for √êogecoin! Instructional video.
https://t.co/UEEocOfcTb"
2021-02-08 00:09:57,1358568715403468801,The people have spoken ‚Ä¶ https://t.co/x41oVMzTGo
2021-02-07 22:25:14,1358542364948668418,üé∂ Who let the Doge out üé∂
2021-02-07 22:12:09,1358539071824424961,Hodl the rainforests!!
2021-02-07 07:41:23,1358319935978496001,So ‚Ä¶ it‚Äôs finally come to this ‚Ä¶ https://t.co/Gf0Rg2QOaF
2021-02-06 22:16:52,1358177870703517698,Lessons learned
2021-02-06 22:14:57,1358177385678467072,Of Earth and Mars
2021-02-06 22:12:57,1358176884312272898,Time to tell the story of Tesla &amp; SpaceX
2021-02-06 09:58:04,1357991946082418690,The Second Last Kingdom https://t.co/Je4EI88HmV
2021-02-06 08:32:55,1357970517165182979,"YOLT

https://t.co/cnOf9yjpF1"
2021-02-06 06:46:24,1357943711997415424,The great thing about restaurants is that you get to hang out with strangers! - SJM
2021-02-06 04:51:07,1357914696645414913,The future currency of Earth
2021-02-06 04:02:23,1357902434580918274,Much wow!
2021-02-04 10:08:21,1357269755112148993,"I am become meme,
Destroyer of shorts"
2021-02-04 09:34:47,1357261308152975361,Sandstorm is a masterpiece
2021-02-04 08:44:12,1357248581581889538,"Next time, we try pull *up* method https://t.co/J1M7WHLRDR"
2021-02-04 08:43:13,1357248331387441153,Low-key Loki
2021-02-04 08:27:10,1357244295091208193,"No highs, no lows, only Doge"
2021-02-04 08:17:17,1357241805411151873,No need to be a gigachad to own
2021-02-04 08:15:26,1357241340313141249,Dogecoin is the people‚Äôs crypto
2021-02-04 07:57:30,1357236825589432322,ur welcome https://t.co/e2KF57KLxb
2021-02-04 07:35:35,1357231313376456708,Doge
2021-02-04 07:29:09,1357229691824922633,https://t.co/vviUzWhodT
2021-02-04 07:09:30,1357224748112093184,This was a tough one https://t.co/beY7peFpCj
2021-02-02 08:45:48,1356524205374918659,Off Twitter for a while
2021-02-01 23:21:08,1356382103038947329,It will be filled with graffiti art
2021-02-01 23:17:40,1356381230925635591,Giga Berlin progress https://t.co/ekpG5qcbUi
2021-01-31 23:59:16,1356029310893654018,"If you‚Äôve worked on advanced wearables, phones or robots, those skills are needed @neuralink"
2021-01-31 23:53:27,1356027847073140740,Feels weird helping make (hopefully good version of) Cyberpunk come true
2021-01-31 23:51:25,1356027336387252235,"Please consider working at Neuralink!

Short-term: solve brain/spine injuries
Long-term: human/AI symbiosis 

Latter will be species-level important 

Work at either at our Bay Area or Austin locations https://t.co/LPzDrWO8h3"
2021-01-31 21:07:41,1355986133855813636,https://t.co/XcCoKOjYlt
2021-01-31 20:56:10,1355983231988862978,On Clubhouse tonight at 10pm LA time
2021-01-30 20:32:43,1355614946407575553,"Warm, sunny day &amp; snowy mountains https://t.co/2k8psyqU4J"
2021-01-30 20:24:42,1355612927412191233,What a beautiful day in LA https://t.co/EsCJTbzO9D
2021-01-30 09:46:56,1355452426875064320,https://t.co/pyRCFE97Xp
2021-01-29 20:44:02,1355255403945332737,Starship SN9 &amp; SN10 https://t.co/urtPJn7amo
2021-01-29 08:22:15,1355068728128516101,"In retrospect, it was inevitable"
2021-01-28 23:29:19,1354934611953016843,"With Cyberpunk, even the hotfixes literally have hotfixes, but ‚Ä¶ great game"
2021-01-28 22:47:23,1354924057825837060,https://t.co/a6kmk0PEgM
2021-01-28 20:39:53,1354891972406865922,"Here come the shorty apologists
Give them no respect
Get Shorty"
2021-01-28 20:34:26,1354890601649610753,"u can‚Äôt sell houses u don‚Äôt own
u can‚Äôt sell cars u don‚Äôt own
but 
u *can* sell stock u don‚Äôt own!?
this is bs ‚Äì shorting is a scam
legal only for vestigial reasons"
2021-01-28 11:54:19,1354759710126338056,The esthetics of Cyberpunk are incredible btw. The interior design isüëå.
2021-01-28 02:41:43,1354620643967438855,0 to 155mph trap speed in a 1/4 mile. 200mph top speed (with right tires).
2021-01-28 02:35:55,1354619181585543178,First production car ever to achieve 0 to 60 mph in less than 2 seconds
2021-01-28 02:34:17,1354618772586426368,It can play Cyberpunk
2021-01-28 02:33:13,1354618504532684802,Plaid Model S ships next month https://t.co/HFUPTnQiPB
2021-01-28 01:57:30,1354609515564560392,Even Discord has gone corpo ‚Ä¶
2021-01-26 22:59:59,1354202453252710402,https://t.co/F23fxQkBCE
2021-01-26 21:08:02,1354174279894642703,"Gamestonk!! 
https://t.co/RZtkDzAewJ"
2021-01-26 11:32:55,1354029548334178304,Bought a hand knit wool Marvin the Martian helm for my dog
2021-01-26 11:28:08,1354028345629974530,https://t.co/gpcvjIBTLM
2021-01-26 11:25:23,1354027651468550144,I kinda love Etsy
2021-01-24 19:46:26,1353428970121793537,Under Vegas in @boringcompany tunnel yesterday with my boys https://t.co/tLfOuiEdFm
2021-01-22 23:17:20,1352757268626849797,Launching many small satellites for a wide range of customers tomorrow. Excited about offering low-cost access to orbit for small companies! https://t.co/NrXmBML747
2021-01-21 23:08:47,1352392730408673281,Details next week
2021-01-21 23:08:35,1352392678177034242,Am donating $100M towards a prize for best carbon capture technology
2021-01-18 05:52:28,1351044768030142464,Battery cell production is the fundamental rate-limiter slowing down a sustainable energy future. Very important problem. https://t.co/MYOUSAC2AK
2021-01-15 06:44:22,1349970666477527042,"Monty Python is amazing
https://t.co/UJq94IWT88"
2021-01-13 21:47:02,1349473054699769859,All three static fires completed &amp; no RUDs!
2021-01-13 21:20:05,1349466269121179653,https://t.co/ho7yGXAS3a
2021-01-13 19:06:00,1349432529657294848,"Today at SpaceX is about practicing Starship engine starts. Ship is held down by massive pins while engines are fired. Two starts completed, about to try a third."
2021-01-13 09:25:42,1349286488618491904,Legalize comedy
2021-01-12 23:02:33,1349129669258448897,"Hey you ‚Ä¶
Yeah you Queen ‚Ä¶
You‚Äôre gonna make it! üíïüíï https://t.co/LrqdIrbIyd"
2021-01-12 11:55:35,1348961820254625793,https://t.co/TKkruvgBth https://t.co/ocy2gFRYvN
2021-01-12 11:24:55,1348954103695740929,Mus protec üë∂ yoda https://t.co/1dvhG0nTkU
2021-01-09 18:47:06,1347978218494513152,"My 14-year-old son, Saxon, said he feels like 2021 will be a good year. I agree. Let us all make it so."
2021-01-08 02:15:39,1347366324826112001,Launch underway https://t.co/wbk7ZZ0Fqx
2021-01-08 01:35:53,1347356316763705344,"Btw, critical feedback is always super appreciated, as well as ways to donate money that really make a difference (way harder than it seems)"
2021-01-07 18:49:47,1347254119237439495,https://t.co/2ja38Z8MRE
2021-01-07 12:56:10,1347165127036977153,Use Signal
2021-01-07 10:24:29,1347126957331386368,"As seen from an external observer, not the participants"
2021-01-07 10:23:50,1347126794172948483,The most entertaining outcome is the most likely
2021-01-07 04:06:23,1347031803987599360,This is called the domino effect https://t.co/qpbEW54RvM
2021-01-04 20:57:05,1346198993307631617,"Because of the large footprint, it may seem flat, but actually ranges up to 5 stories tall"
2021-01-04 20:26:11,1346191214769557505,Snow falling on Giga Berlin https://t.co/eTXMtYp8hG
2021-01-02 14:51:49,1345382294966571008,"So proud of the Tesla team for achieving this major milestone! At the start of Tesla, I thought we had (optimistically) a 10% chance of surviving at all. https://t.co/xCqTL5TGlE"
2020-12-31 05:47:38,1344520570235457536,Ignore the heading
2020-12-31 05:40:26,1344518758707113986,"Great interview with Mathias D√∂pfner
https://t.co/ewnaHc4cH0"
2020-12-30 09:51:07,1344219458324160512,Snake-head dog had my undivided attention until winder-head ostrich came gliding through all nonchalant https://t.co/dtPMdM3TQp
2020-12-30 05:33:19,1344154578678214657,"Destiny, destiny
No escaping 
that for me"
2020-12-29 22:16:14,1344044584712728581,All Tesla cars delivered in the final three days of the year will get three months of the Full Self-Driving option for free. Delivery &amp; docs must be fully complete by midnight Dec 31st.
2020-12-29 21:32:09,1344033488698290176,The Last Kingdom show is great
2020-12-29 20:48:04,1344022395280089088,Not everything is made of cake https://t.co/oMaCmYQAwx
2020-12-29 20:40:49,1344020569151434752,Such a weird game when you think about it https://t.co/5MrvVzmeKG
2020-12-29 20:37:54,1344019835341180930,This is not CGI https://t.co/VOivE97vPR
2020-12-28 19:46:18,1343644462036086785,Entertainment will be critical when cars drive themselves
2020-12-28 17:23:31,1343608530998153222,What should Tesla do with in-car gaming in an autonomous world?
2020-12-27 22:18:58,1343320495127633920,Try playing Polytopia in your Tesla! Great game. Multiplayer online version coming soon.
2020-12-25 20:54:29,1342574459882852352,"Change your horn sound to üêê, üêçüé∑, üí® or holiday jingles with latest Tesla software update!"
2020-12-25 16:47:04,1342512194383007745,Merry Christmas &amp; happy holidays! üéÅ https://t.co/uk6NSPwR9R
2020-12-24 01:12:41,1341914659411161088,12 story rocket turns off its engines &amp; does a controlled fall https://t.co/HCRgyx42rn
2020-12-24 00:00:41,1341896542999998465,"To Tesla owners taking delivery in the final days of year, your support is super appreciated!!"
2020-12-21 13:04:16,1341006575650140161,Thanks to everyone who worked so hard to make Tesla successful. My heart goes out to you.
2020-12-20 10:16:43,1340602021221707777,‚ô•Ô∏è i love all u crazy ppl out there ‚ô•Ô∏è
2020-12-20 09:44:03,1340593799878365184,"Come for the comments, 
stay for the memesüíÑ"
2020-12-20 09:30:04,1340590280848908288,One word: Doge
2020-12-20 09:24:37,1340588909974200321,Bitcoin is almost as bs as fiat money
2020-12-20 08:54:26,1340581313406001153,https://t.co/EbOjGshvrq
2020-12-20 08:43:06,1340578462407520256,‚ÄúLord‚Äù Edge
2020-12-20 08:40:34,1340577821475921923,"Just kidding, who needs a safe word anyway!?"
2020-12-20 08:21:25,1340573003579617280,Bitcoin is my safe word
2020-12-17 06:32:13,1339458358559055872,"Star Light, Star Bright https://t.co/6CeTAZSXCO"
2020-12-14 16:15:57,1338518096664023042,Ascent to the Heavens https://t.co/oGgsw88YRZ
2020-12-14 15:12:18,1338502080911306755,Hehe https://t.co/SkLMiL3OxT
2020-12-14 06:51:16,1338375990217760771,https://t.co/sdmXKbHdzd
2020-12-14 06:11:07,1338365886542049282,https://t.co/qbNT1dUsED
2020-12-10 00:10:39,1336825619741630470,"Thank you, South Texas for your support! This is the gateway to Mars."
2020-12-10 00:08:40,1336825121223434241,"Life, the Universe and Everything https://t.co/1ZCzInfc4u"
2020-12-09 23:08:53,1336810077555019779,"Mars, here we come!!"
2020-12-09 23:07:39,1336809767574982658,"Fuel header tank pressure was low during landing burn, causing touchdown velocity to be high &amp; RUD, but we got all the data we needed! Congrats SpaceX team hell yeah!!"
2020-12-09 23:02:34,1336808486022258688,"Successful ascent, switchover to header tanks &amp; precise flap control to landing point! https://t.co/IIraiESg5M"
2020-12-08 16:44:50,1336351038106869760,"‚ÄúSo long, and thanks for the orifice!‚Äù
- Alien message decrypted"
2020-12-07 20:13:07,1336041065879580673,Out on the pad in South Texas https://t.co/RcYOXXpTc2
2020-12-07 04:37:42,1335805659946881024,100
2020-12-06 21:30:33,1335698164343394305,"Im Gespr√§ch mit Mathias D√∂pfner 

https://t.co/bqa5pIAOnk"
2020-12-03 23:30:34,1334641206580682752,Watch Demolition Man
2020-12-03 23:19:57,1334638535589195780,Prometheus Unbound
2020-12-02 03:19:28,1333974035294683137,"Much of what people think of an science is actually engineering, eg no such thing as a ‚Äúrocket scientist‚Äù, only rocket engineers. Latter is who put humans on the moon."
2020-12-02 03:13:25,1333972511524995072,"Science is discovering the essential truths about what exists in the Universe, engineering is about creating things that never existed
https://t.co/aIEUtHoPxM"
2020-11-26 15:12:00,1331979023098974208,Happy Thanksgiving!
2020-11-25 20:38:25,1331698780073320449,.@TheBabylonBee is savage ü§£ü§£
2020-11-25 02:12:17,1331420412387880962,"This is a life leader launch, so more risk than normal https://t.co/EtFP9IELrf"
2020-11-24 23:59:27,1331386982296145922,"Good Starship SN8 static fire! Aiming for first 15km / ~50k ft altitude flight next week. Goals are to test 3 engine ascent, body flaps, transition from main to header tanks &amp; landing flip."
2020-11-22 03:42:11,1330355871965179909,"Tomorrow will be the 7th flight of this rocket, landing on droneship Of Course I Still Love You"
2020-11-21 17:34:45,1330203008836247558,Landing at Vandenberg AFB in California https://t.co/46J2GcCjP0
2020-11-21 16:30:40,1330186879040368640,"Well, almost anything https://t.co/FFPVDsqruC"
2020-11-21 14:44:07,1330160065119182850,Quite the day ahead https://t.co/apZNgmo0k7
2020-11-18 07:41:37,1328966577862172672,Tesla holiday software release is üî•üî•
2020-11-18 07:09:54,1328958594469990407,Cobra Kai is a deep cut
2020-11-17 22:07:17,1328822042506956802,Deus ex machine learning https://t.co/5ZSYalVczx
2020-11-17 19:20:28,1328780059960897537,Nullius in Verba @royalsociety
2020-11-16 01:09:01,1328143001697230848,‚ô•Ô∏è
2020-11-16 00:23:02,1328131428177965056,Launch in 5 minutes
2020-11-16 00:00:41,1328125804836909056,"The same propellant is used either for abort or for orbital maneuvering, as one use obviates the other"
2020-11-15 23:58:27,1328125240002502656,"Dragon can also hover &amp; land propulsively, but we use the parachutes for maximum safety https://t.co/Mr7VFIQwWf"
2020-11-15 23:55:43,1328124552459603968,"Thrusters are integrated with spacecraft, enabling abort capability all the way to abort for increased safety https://t.co/KrOHKOr6AE"
2020-11-15 14:13:45,1327978096759193600,Astronaut launch today! https://t.co/3FAzZGss8c
2020-11-15 02:52:28,1327806647784202240,Worth reading this thread if you‚Äôre curious about rona testing https://t.co/FA6kD61eBA
2020-11-14 20:13:06,1327706140595998721,Unless you‚Äôre on DMT
2020-11-14 20:11:13,1327705668271230976,"Laws of thermodynamics:
1. You can‚Äôt win
2. You can‚Äôt break even
3. You can‚Äôt stop playing"
2020-11-14 19:51:56,1327700815935537152,Shakes fist at entropy
2020-11-13 23:22:43,1327391474607034368,Case closed https://t.co/pUYiJcAdD6
2020-11-13 23:15:38,1327389689213423616,Soon https://t.co/mWOpR7W8kk
2020-11-13 21:47:44,1327367568298897408,Lab I just spoke to said cov2 PCR detection (N1 &amp; N3 genes) below 30 cycles is reliable &amp; above 40 cycles is not
2020-11-13 17:41:59,1327305722384719872,"Would be great to hear from people who know a lot about the PCR testing industry. What‚Äôs the approximate false positive rate, all things considered, for cov2 PCR tests?"
2020-11-13 16:28:32,1327287240058302466,What is the general population (no knowledge of symptoms) accuracy of a sars-cov2 PCR test &amp; is it possible to generate a false positive if you simply run enough cycles?
2020-11-13 06:11:57,1327132071370878976,The carousel turns ever faster
2020-11-13 05:47:11,1327125840040169472,"Something extremely bogus is going on. Was tested for covid four times today. Two tests came back negative, two came back positive. Same machine, same test, same nurse. Rapid antigen test from BD."
2020-11-12 15:34:36,1326911280981143558,4 Astronauts fly to @Space_Station on Sat night from Cape. First operational flight of Crew Dragon. https://t.co/uZCGiKciKb
2020-11-10 21:24:38,1326274591564718080,Such a privilege to work with people I like &amp; respect so much. I feel blessed.
2020-11-09 18:03:19,1325861541330251781,https://t.co/d0i2w8wNKG
2020-11-09 16:57:33,1325844990870900736,"Yes, you can have my damn cookie! should be a browser setting"
2020-11-07 18:26:27,1325142587460694016,"The Phantom of the Opera 
Is here ‚Ä¶ inside your mind"
2020-11-06 15:31:07,1324736076800577537,"When sending your resume, please describe a few of the hardest problems you solved &amp; exactly how you solved them"
2020-11-06 10:36:02,1324661814131519488,"A New Banner is needed
Neither hard left nor right"
2020-11-06 06:10:41,1324595039742222337,420 is ten times better than 42
2020-11-06 05:55:31,1324591221424025606,ü§ó
2020-11-05 09:31:58,1324283305789812736,Recruiting ace engineers for Giga Berlin! Will interview in person tomorrow on site. Send resume to 25Guns@Tesla.com.
2020-11-02 19:36:28,1323348268823314432,Several thousand more Starlink beta participation invitations going out this week
2020-11-02 15:39:45,1323288694955061257,Very close to actual expected flight! https://t.co/ruEdIPhTil
2020-11-01 21:05:06,1323008187256229889,Penguin Random House üò¥ should change the name to Random Penguinüî•
2020-10-29 04:45:51,1321674587420061696,"Truth be told, I‚Äôve eaten at JitB many times over the years, even the teriyaki bowl"
2020-10-29 04:40:07,1321673143451230209,Might buy a Jack in the Box footstool
2020-10-29 00:11:03,1321605428963233794,Tesla should make üî• catgirl robots?
2020-10-28 03:08:02,1321287583436034049,"Come here ‚Ä¶ no, come, here üëá"
2020-10-28 03:02:07,1321286092000268301,"Wow, this mayo sure is salty!"
2020-10-28 02:18:17,1321275062998257665,Jack in the Box should do double duty as a sperm donor clinic ‚Äî name is üëå
2020-10-24 22:46:56,1320134710023000064,Congratulations SpaceX Team! https://t.co/nO1Z98a94f
2020-10-22 22:00:02,1319398132396871681,Price change is pushed to Thursday next week. Applies only to US for now. One week clock will start in other countries as beta is released. FSD monthly rental will also be available sometime next year.
2020-10-22 06:30:28,1319164198241341440,"Now that Tesla FSD beta is out in limited release, FSD price (new or upgrade) will go up by ~$2k on Monday"
2020-10-21 20:13:20,1319008891817132032,"Starship nosecone, high bay &amp; tiki bar https://t.co/9qXYxMMIUj"
2020-10-20 22:19:31,1318678258339221505,"FSD beta rollout happening tonight. Will be extremely slow &amp; cautious, as it should."
2020-10-20 22:17:05,1318677645358518272,Data from 3 engine Starship static fire this morning looks good. Proceeding with nosecone mate.
2020-10-16 17:30:45,1317156038294990848,m√∏t√∏r tr√®nd√© https://t.co/V0yo4JKbS2
2020-10-14 19:01:19,1316454051693895680,"The gauntlet has been thrown down! 

The prophecy will be fulfilled. 

Model S price changes to $69,420 tonight!"
2020-10-14 09:28:14,1316309830756425734,9 meter or roughly 30 ft diameter
2020-10-14 09:24:55,1316308998283460609,Will be less roomy with 3 vacuum rocket engines added https://t.co/pKtDFdiZYC
2020-10-14 04:27:00,1316234026127163392,‚ÄúWhat is love? Baby don‚Äôt hurt me.‚Äù‚Äî Winston Churchill
2020-10-13 05:36:46,1315889193092935680,ü§ò The Illuminaughty ü§ò
2020-10-06 11:44:54,1313445121325580289,4th flight &amp; landing for this booster https://t.co/UOtvMkgXqH
2020-10-06 11:24:42,1313440040991694849,5 minutes from launch. Looks good so far. https://t.co/on2f1pY5jt
2020-10-05 23:42:20,1313263283126841350,"Turn volume to 11 &amp; play Powerglide in your Tesla 

https://t.co/l07Yc02P7g"
2020-10-05 23:22:49,1313258373031309312,"Music volume on a Tesla goes to 11, because it‚Äôs louder than 10

https://t.co/ab5hAMo3EN"
2020-10-05 22:38:33,1313247231613587459,Rewatched Young Frankenstein this weekend. Still awesome. Ovaltine? https://t.co/WiMdyFSuiq
2020-10-05 22:21:07,1313242842303787017,"Hollywood should just start with the sequel &amp; skip the original, because financials"
2020-10-04 14:23:38,1312760295228547073,New SpaceX droneship will be called ‚ÄúA Shortfall of Gravitas‚Äù
2020-10-04 14:05:42,1312755779951226880,"Nothing can escape gravity, not even black holes (and they really tried!)"
2020-10-04 00:12:06,1312545997499719680,"Call of Booty, great game"
2020-10-04 00:04:41,1312544132380778496,https://t.co/HyfszSrm6m
2020-09-26 23:39:31,1310001082278371328,https://t.co/r1Sox7vta8
2020-09-26 19:44:56,1309942048410071040,"Thanks Tesla Team for great work on deliveries! For new owners, we super appreciate accommodating us on delivery timing! Definitely one of our toughest quarters in global logistics."
2020-09-26 17:41:21,1309910946219876353,"First flight is to 15km or ~50,000 ft"
2020-09-26 17:38:09,1309910141140049921,Nosecone &amp; front flaps next week. SN9 next month.
2020-09-26 17:36:31,1309909732954533889,Starship SN8 with rear body flaps https://t.co/GdxMbzX0ct
2020-09-26 01:52:11,1309672083006259200,Centaur with a bow obviously https://t.co/cfKfkFFXp0
2020-09-25 07:12:20,1309390263333289986,What can‚Äôt we predict?
2020-09-24 16:57:39,1309175176081399811,Only thing beyond ludicrous is plaid https://t.co/rHuWk20EGG
2020-09-23 00:28:04,1308563749888864257,"Cybertruck, ATV, Roadster &amp; Semi
C A R S https://t.co/4Aq1A5cYkH"
2020-09-22 05:56:48,1308284091142266881,"The extreme difficulty of scaling production of new technology is not well understood. It‚Äôs 1000% to 10,000% harder than making a few prototypes. The machine that makes the machine is vastly harder than the machine itself."
2020-09-21 21:00:46,1308149191684710400,"We intend to increase, not reduce battery cell purchases from Panasonic, LG &amp; CATL (possibly other partners too). However, even with our cell suppliers going at maximum speed, we still foresee significant shortages in 2022 &amp; beyond unless we also take action ourselves."
2020-09-21 20:56:52,1308148212876812289,"Important note about Tesla Battery Day unveil tomorrow. This affects long-term production, especially Semi, Cybertruck &amp; Roadster, but what we announce will not reach serious high-volume production until 2022."
2020-09-19 17:19:33,1307368746655285248,"A prior track record of exceptional achievement in engineering *is* required, but *no* prior experience working on the brain or human physiology is required. We will teach you what‚Äôs known about the brain, which is not much tbh."
2020-09-19 17:08:00,1307365838723350536,"If you feel Neuralink might have incorrectly overlooked your resume or declined to  make an offer, please lmk in comment below https://t.co/G81RblBZ0Z"
2020-09-18 16:22:25,1306991980354834433,of course I still love you
2020-09-17 07:15:03,1306491844512026624,Speedrunning Factorio in real life ‚Ä¶
2020-09-16 20:18:25,1306326594202431488,Fallout Shelter is on your Tesla. Tap the Entertainment button.
2020-09-16 19:39:43,1306316854793699328,"üñ§ Fallout Radio  üñ§
https://t.co/gNo8XFjx8b"
2020-09-16 19:19:13,1306311698811297797,Doubles as an underground nuclear shelter üòÄüëç https://t.co/CvI0YRjObE
2020-09-15 21:13:39,1305978108240068613,Story of my life
2020-09-15 21:12:54,1305977917843873799,https://t.co/Vn0Rv0yQ5q
2020-09-15 20:29:38,1305967030701613059,"Tunnels under cities with self-driving electric cars will feel like warp drive

First operational tunnel under Vegas almost done

The @BoringCompany"
2020-09-15 20:14:00,1305963097207734273,Have you hugged a tunnel today?
2020-09-15 16:09:45,1305901626969010176,Embrace tunnels!
2020-09-12 17:40:23,1304837274429829121,"One way or another, excitement guaranteed! Support of greater Boca, Padre, Brownsville community is very much appreciated."
2020-09-12 17:37:36,1304836575075819520,"SN8 Starship with flaps &amp; nosecone should be done in about a week. Then static fire, checkouts, static fire, fly to 60,000 ft &amp; back."
2020-09-11 15:45:06,1304445872885780480,Many exciting things will be unveiled on Battery Day 9/22 ‚ö°Ô∏è
2020-09-10 21:49:27,1304175179606695937,Bitte arbeiten Sie bei Tesla Giga Berlin! Es wird super Spa√ü machen!! https://t.co/FcNoPr2oII
2020-09-09 21:09:06,1303802636827799555,Tesla Model S &amp; X have hospital-grade (HEPA) air filters. 3 &amp; Y are really good too. This has a big effect on health. https://t.co/48s5D3IfWs
2020-09-08 16:53:54,1303376024646889472,A la guerre comme √† la guerre
2020-09-07 22:46:50,1303102454741958656,"If you bombard Earth with enough photons, eventually it emits a Tesla (AK)"
2020-09-04 05:41:19,1301757211727757312,Model 3 rated as most reliable car https://t.co/26DAGJLTDY
2020-09-04 05:02:34,1301747460587560960,Turns out you can make anything fly haha https://t.co/FJdHqRdVDb
2020-09-03 22:25:56,1301647642846547971,"üá©üá™üñ§Giga Berlin Mannschaftüñ§üá©üá™
Vielen Dank f√ºr Ihre hervorragende Arbeit an Giga Berlin!! https://t.co/KVo5mBfnXt"
2020-09-03 22:04:40,1301642292424515586,Great trip to Germany. Support from government &amp; people is super appreciated!
2020-08-31 18:37:39,1300503031470010370,https://t.co/oVaoHsg1of
2020-08-30 16:00:31,1300101097802141703,Just learned that my physics prof from Penn is head of Fermilab &amp; still has some of my old homework ‚ò∫Ô∏è
2020-08-29 01:02:05,1299512615001964544,Conceptual telepathy
2020-08-28 22:32:20,1299474927565770753,Ahem ‚Ä¶ starting soon https://t.co/eCGHH5stOn
2020-08-28 19:37:40,1299430971494731776,"‚ÄúAll of physics is either impossible or trivial. It is impossible until you understand it, and then it becomes trivial.‚Äù E Rutherford"
2020-08-28 19:05:17,1299422822205452288,Neuralink product demo in 3 hours. Webcast at https://t.co/Y9wREd78oj.
2020-08-27 05:42:01,1298858283852234752,"The Big Bang started very, very sm≈çl https://t.co/XVvcuALZ2o https://t.co/8R92iEXVvN"
2020-08-27 04:37:06,1298841950448160768,Should we believe things proportionate to the evidence that they are true? (yes)
2020-08-27 03:39:50,1298827537645285376,Olde skoole analog synthesizer from ancient Britain https://t.co/JG0fI3ChxC
2020-08-26 05:39:46,1298495332100251648,Lengthy background on Neuralink by @waitbutwhy https://t.co/z2YfAupDRD
2020-08-26 05:35:58,1298494373278220290,"Live webcast of working @Neuralink device
Friday 3pm Pacific https://t.co/PouLbrGzFU"
2020-08-21 15:27:45,1296831361987223552,A metaphor for life https://t.co/CdlL4ieLju
2020-08-20 19:11:02,1296525166520840192,More fun games coming soon to ur Tesla https://t.co/zBdYGOuHsz
2020-08-20 19:09:35,1296524802983788544,https://t.co/hKpWJnXsFc strikes again!
2020-08-20 08:17:54,1296360799498391552,New Tesla feature coming that enables your car to play snake jazz or Polynesian elevator music through its outside speakers wherever you go
2020-08-20 08:13:11,1296359612141187073,https://t.co/Bki5SOOroe
2020-08-20 05:52:37,1296324236773068800,üêçüé∑
2020-08-20 05:11:06,1296313787780341760,GPT-3 sounds like Simon &amp; Garfunkel lyrics
2020-08-20 02:38:56,1296275496942972928,Bureaucracy is inherently kafkaesque
2020-08-19 19:55:21,1296173931494350852,Medical check is A-ok! https://t.co/zTRMvQ6Wvx
2020-08-19 19:47:48,1296172030279258119,He might run for President in 2024 https://t.co/Wo34fhKugu
2020-08-19 06:01:47,1295964157204979712,Elevator music is underrated
2020-08-18 22:17:46,1295847382073171970,"Aloha, welcome back from space üí´ https://t.co/xWPN09Wtaw"
2020-08-18 21:38:33,1295837513987305474,Fairing chute control &amp; ship control are closing the loop locally. Both operating on (SpaceX) autopilot.
2020-08-18 21:36:31,1295837003444039682,Ms Tree catches fairing in her net https://t.co/sqlJ63NetB
2020-08-17 23:00:50,1295495834998513664,Raptor engine just reached 330 bar chamber pressure without exploding! https://t.co/kVKRWksvaB
2020-08-17 04:05:05,1295210012122460167,Cybertruck option package https://t.co/6Vz4XNoHf9
2020-08-17 02:01:58,1295179031198027776,‚ÄúTanks 4 the memery‚Äù - panzer of the lake
2020-08-17 01:56:52,1295177746012950536,Some big milestones coming up https://t.co/K3v3yddg6J
2020-08-16 09:01:17,1294922167310663681,"Please trash me on Wikipedia, I‚Äôm begging you"
2020-08-16 08:57:26,1294921196564180994,History is written by the victors ‚Ä¶ except on Wikipedia haha
2020-08-16 08:42:01,1294917318405836802,We must pass The Great Filter
2020-08-16 07:38:57,1294901444718424066,Sounds right https://t.co/dm76FJq3hX
2020-08-16 00:18:31,1294790605474689025,A truly useful exaflop at de facto FP32
2020-08-15 22:11:49,1294758721763962881,https://t.co/mDoPO17YB9 https://t.co/326rkUEYW8
2020-08-15 19:17:50,1294714938200449024,"Our main engineering locations are Palo Alto, Austin &amp; Seattle, but working remotely is acceptable for exceptional candidates"
2020-08-14 22:40:49,1294403633086226433,Great mission patch design! https://t.co/p2Ic1crPef
2020-08-14 20:33:15,1294371531133317120,Tesla is developing a NN training computer called Dojo to process truly vast amounts of video data. It‚Äôs a beast! Please consider joining our AI or computer/chip teams if this sounds interesting.
2020-08-11 18:17:07,1293250108436488194,SN7 will be new alloy test tank taken to burst pressure. SN8 will have body flaps &amp; nosecone.
2020-08-11 18:15:25,1293249680445526018,SN 5 &amp; 6 at Starship Production Complex in Texas https://t.co/8BVRD5VdU7
2020-08-07 17:12:08,1291784200178159616,Good piece on Giga Berlin construction https://t.co/pA8sgEpV9Y
2020-08-06 22:39:35,1291504220948951041,SN5 https://t.co/GlZ28KFVHU
2020-08-02 22:45:07,1290056061253165057,"When space travel becomes as common as air travel, the future of civilization will be assured"
2020-08-02 20:27:25,1290021404994236416,Congratulations @SpaceX &amp; @NASA on completing first crewed Dragon flight!! üá∫üá∏ returned.
2020-08-02 18:51:04,1289997160763670530,Dragon is stable in the water
2020-08-02 18:37:24,1289993721463767040,Acquisition of signal expected in 5 mins
2020-08-02 18:31:53,1289992330397618176,4 mins to Dragon loss of signal due to atmospheric entry plasma
2020-08-02 18:11:01,1289987081867993089,Dragon will travel from south of New Zealand to Florida in ~37 minutes
2020-08-02 17:19:04,1289974006087442438,Coming in hot https://t.co/dzFr5BNBfF
2020-08-02 16:55:30,1289968074439847937,Astronauts land in 2 hours @NASA @SpaceX
2020-08-01 06:47:18,1289452630394040322,üßô‚Äç‚ôÇÔ∏è https://t.co/xxvcWMrTwS
2020-08-01 03:51:54,1289408490205614080,This BBC article provides a sensible summary for how it was done https://t.co/le3r20BWID
2020-07-31 14:54:07,1289212751651323904,"The Great Pyramid was the tallest structure made by humans for 3800 years. Three thousand, eight hundred years.  https://t.co/6DU46eMbni"
2020-07-31 04:17:16,1289052484820807680,Ramses II was üòé
2020-07-31 04:14:32,1289051795763769345,Aliens built the pyramids obv
2020-07-30 20:31:50,1288935356310552576,https://t.co/8lpvwbeC4R
2020-07-30 20:05:05,1288928622728712192,Starship SN5 just completed full duration static fire. 150m hop soon.
2020-07-30 19:52:29,1288925451902054400,üñ§üßõ‚Äç‚ôÄÔ∏èTotal Eclipse of the Heart üßõ‚Äç‚ôÄÔ∏èüñ§ https://t.co/n8djdlKnbE
2020-07-30 08:54:55,1288759969064468481,"But sometimes when we touch ‚Ä¶
https://t.co/KMassjCtIx"
2020-07-30 08:19:44,1288751116562206720,"Losing It
https://t.co/9HOY0ldzg4"
2020-07-30 07:53:58,1288744630788304897,"Sure could use a good rave
What‚Äôs your favorite techno"
2020-07-30 07:12:22,1288734164485898240,I ‚Ä¶ I just died in your arms tonight
2020-07-30 06:55:03,1288729803663843329,The rumor that Bill Gates &amp; I are lovers is completely untrue
2020-07-27 18:57:05,1287824348460593154,Das Kapital in a nutshell https://t.co/mG44mMkitx
2020-07-27 18:32:18,1287818109651431427,The left is losing the middle
2020-07-27 17:05:14,1287796199014244355,Hold my beer https://t.co/IK3tT1x4wP
2020-07-27 03:40:56,1287593791076143105,Almost a decade ago. Original Dragon in background.
2020-07-27 03:16:48,1287587716197212162,https://t.co/Ufay65lZJj
2020-07-27 02:41:32,1287578839821033472,"Great song
https://t.co/wj4YdJglSH"
2020-07-25 21:40:42,1287140748241047554,Cool Model 3 review by @iamjamiefoxx https://t.co/hJDD7BjkE3
2020-07-25 03:42:29,1286869404874088448,Pronouns suck
2020-07-24 22:31:07,1286791044466724866,I bet no one on üåπ Twitter even *has* a guillotine! Poseurs ‚Ä¶
2020-07-24 16:21:01,1286697906536361987,üåπ Twitter sucks
2020-07-24 15:01:39,1286677935580160000,"These are jammed to gills with special interests earmarks. If we do a stimulus at all, it should just be direct payments to consumers."
2020-07-24 14:53:54,1286675982297051142,"Goal of government should be to maximize the happiness of the people. Giving each person money allows them to decide what meets their needs, rather than the blunt tool of legislation, which creates self-serving special interests."
2020-07-24 14:50:53,1286675223434141697,"As a reminder, I‚Äôm in *favor* of universal basic income"
2020-07-24 14:44:46,1286673686821515266,Another government stimulus package is not in the best interests of the people imo
2020-07-24 14:39:07,1286672262435942400,"Tesla solar panels are $1.49/Watt 
https://t.co/5LpLhqgAzw"
2020-07-23 07:59:54,1286209410130485248,Impressive Tianwen-1 Mars rover mission launched by China today https://t.co/FsyA3I0HrU
2020-07-22 06:53:20,1285830270709403648,"You don‚Äôt have a soul, you are a soul"
2020-07-22 06:42:32,1285827550355132417,2 minutes later ‚Ä¶ https://t.co/o5fbBTan1S
2020-07-22 06:10:48,1285819565407002624,Coming soon https://t.co/6nOgLix6b5
2020-07-22 05:45:35,1285813218997235714,Where are the memes? Send in ‚Ä¶ the memes ‚Ä¶
2020-07-22 05:40:32,1285811949914058753,Nothing has gaslit more people than the movie Gaslight
2020-07-21 04:58:13,1285438910357622789,Das baby kann noch keinen l√∂ffel benutzen https://t.co/UETqVIA4BP
2020-07-20 22:19:33,1285338582849208320,Both fairing halves caught from space by @SpaceX ships!
2020-07-20 21:11:56,1285321566071296000,Launch in 20 mins https://t.co/1oLtPnW929
2020-07-19 00:11:35,1284642001888047104,This would solve a lot of brain/spine injuries &amp; is ultimately essential for AI symbiosis
2020-07-18 02:03:56,1284307886319919104,"Solving high-volume, high-reliability, low-cost production problems is especially valued"
2020-07-18 01:59:21,1284306733720940544,"If you‚Äôve solved hard problems with phones / wearables (sealing, signal processing, inductive charging, power mgmt, etc), please consider working at engineering@neuralink.com"
2020-07-18 00:58:55,1284291528328790016,It‚Äôs inevitable https://t.co/eBKnQm6QyF
2020-07-18 00:52:19,1284289867304722432,Will those who write the algorithms ever realize their negativity bias?
2020-07-18 00:02:23,1284277299827707904,Thanks
2020-07-17 23:18:15,1284266193465958402,Just stop
2020-07-15 05:39:52,1283275066805911552,Giga Berlin https://t.co/UXQMUVTWXf
2020-07-11 07:29:42,1281853156754767873,https://t.co/1MQXFAKPzf
2020-07-10 22:58:14,1281724440636612608,"I spoke with Korolev‚Äôs family today.
He was one of the very best.
–ö–æ—Ä–æ–ª—å–æ–≤ / –ö–æ—Ä–æ–ª—ë–≤."
2020-07-10 09:31:35,1281521440055934976,"Wow, IHOP &amp; GitHub are close"
2020-07-10 09:26:26,1281520142485123072,Best use of the term ‚ÄúFull Stack‚Äù?
2020-07-10 04:25:45,1281444476246867968,AI symbiosis while u wait
2020-07-09 07:08:51,1281123131281666048,Progress update August 28
2020-07-09 07:01:44,1281121339584114691,"If you can‚Äôt beat em, join em
Neuralink mission statement"
2020-07-05 20:33:10,1279875995516801024,Read The Story of Civilization by Will &amp; Ariel Durant
2020-07-05 20:04:27,1279868765212037120,"Dang, we broke the website"
2020-07-05 20:02:44,1279868336830963712,Only $69.420!!
2020-07-05 20:01:08,1279867930289647617,Limited edition short shorts now available at https://t.co/5EmNcTBvJv
2020-07-05 06:16:45,1279660468282392576,Beautiful fireworks in LA tonight
2020-07-05 03:18:16,1279615554270052353,"North American Supercharger usage is now at pre-covid high, Europe about a week behind, China &amp; Asia-Pacific in general doing great https://t.co/bRd0egaC1t"
2020-07-05 01:20:09,1279585827350122496,https://t.co/jAmuz6NaA4
2020-07-04 17:47:29,1279471909906702336,Please take a moment to report accounts clearly engaged in harassment. It is the only way to maintain public discourse.
2020-07-04 17:44:43,1279471212003856384,üá∫üá∏üá∫üá∏ Happy 4th of July!! üá∫üá∏üá∫üá∏
2020-07-04 04:46:58,1279275487877951488,Congrats Tesla Team ‚Äî U ROK!! https://t.co/lW7Ist98IY
2020-07-02 20:06:28,1278782112074735617,Thanks Tesla owners &amp; investors! Love you!! We will work super hard to earn your trust &amp; support. https://t.co/6mgcmlLTsA
2020-07-02 18:57:26,1278764736876773383,"SEC, three letter acronym, middle word is Elon‚Äôs"
2020-07-02 18:50:12,1278762916326649863,Will send some to the Shortseller Enrichment Commission to comfort them through these difficult times
2020-07-02 18:40:47,1278760548188983296,Tesla will make fabulous short shorts in radiant red satin with gold trim
2020-07-02 18:24:57,1278756565160468481,Who wears short shorts? ü§£ü§£
2020-07-01 19:30:36,1278410698574499841,"Tesla Impact Report (repost). We do everything humanly possible to source materials &amp; produce sustainable energy cars, batteries &amp; solar ethically. Suggestions for improvement are always appreciated.

https://t.co/WCemMJ44um"
2020-06-30 21:56:52,1278085116338884608,Your GPS just got slightly better https://t.co/XsblUsiNXU
2020-06-28 23:39:41,1277386215382110211,"Btw, Tesla actually receives *least* subsidies of any automaker in US. Federal tax credit applies to other automaker EVs, but no longer Tesla."
2020-06-28 23:35:42,1277385215657177088,Great Model Y review by @jayleno https://t.co/DzsZ7eugWp
2020-06-28 21:54:51,1277359833721655302,69 days after 4/20 again haha
2020-06-26 17:28:53,1276568125060689924,.@JeffBezos is a copy üêà haha https://t.co/plR7uupqBG
2020-06-26 07:35:57,1276418907968925696,"Who controls the memes,
controls the Universe"
2020-06-26 06:05:19,1276396101872922625,https://t.co/e9dPKVSjjl
2020-06-26 06:03:42,1276395693687500800,Literally
2020-06-26 05:57:58,1276394253707440131,Only a matter of time before someone steals a Tesla while playing GTA on a Tesla
2020-06-26 05:25:09,1276385991616389121,North American Supercharger usage tracking to exceed pre covid highs in 2 to 3 weeks. Lot of noise out there. This is signal. https://t.co/PCC5DlthtA
2020-06-25 07:43:07,1276058326954938368,Two Starship tanks in the midbay https://t.co/QJ2V882WOC
2020-06-25 02:57:55,1275986553060220929,Special thanks to Tesla trucking &amp; rail partners for figuratively &amp; literally going the extra mile
2020-06-25 02:56:12,1275986119872573448,Apologies to Tesla customers for shifting delivery dates. It‚Äôs a crazy world out there!
2020-06-22 03:11:02,1274902689533444097,Tentative date for Tesla Shareholder Meeting &amp; Battery Day is Sept 15. Will include tour of cell production system.
2020-06-22 03:05:26,1274901279475564544,Reminder that Tesla Full Self-Driving (FSD) price goes up by $1k on July 1st
2020-06-22 03:04:26,1274901029356593152,Enabling basic Tesla Autopilot via Tesla in-app purchase is reduced to $2k until July 1
2020-06-21 15:27:16,1274725581741944832,2019 seems so quaint &amp; long ago https://t.co/xfdfcbr0DS
2020-06-21 08:29:04,1274620338010112000,That is our purpose
2020-06-21 08:13:05,1274616317350301697,"Tesla Bioweapon Defense Mode
https://t.co/48s5D3ZQO0"
2020-06-21 08:07:42,1274614961151414273,We must pass The Great Filter
2020-06-21 07:03:08,1274598710723280896,Mars is my souldog
